{
    "available_flights": [
      {
        "id": 1,
        "origin": "Singapore",
        "destination":"United States, New York",
        "short_description":"Infinity Pool, Infinity Fun!",
        "image": "https://images.unsplash.com/photo-1522083165195-3424ed129620?ixlib=rb-1.2.1&ixid=eyJhcHBfaWQiOjEyMDd9&auto=format&fit=crop&w=1720&q=80",
        "price":1106, 
        "flight_number":"Singapore Airlines QR702", 
        "review_count": "1241",
        "arrival_date":1600771786,
        "duration" : "16h 15m",
        "special":true,
        "special_time_remaining":"21",
        "journey_map":["SIN Singapore Changi","NRT Tokyo Narita","ORD Chiacgo O'Hare International","NRT Tokyo Narita","ORD Chiacgo O'Hare International"],
        "journey_timeline":["17:35", "02:13", "3:58","02:13", "3:58"]
      },
      {
        "id": 2,
        "origin": "Surabaya, Indonesia",
        "destination":"Beijing, China",
        "short_description":"Infinity Pool, Infinity Fun!",
        "image": "https://images.unsplash.com/photo-1584872589930-e99fe5bf4408?ixlib=rb-1.2.1&ixid=eyJhcHBfaWQiOjEyMDd9&auto=format&fit=crop&w=1956&q=80",
        "price":307, 
        "flight_number":"Eastern China Airlines QR14", 
        "review_count": "301",
        "arrival_date":1500775786,
        "duration" : "4h 15m",
        "special":true,
        "special_time_remaining":"28",        
        "journey_map":["SIN Singapore Changi","NRT Tokyo Narita","ORD Chiacgo O'Hare International"],
        "journey_timeline":["17:35", "02:13", "3:58"]
      },
      {
        "id": 3,
        "origin": "Bangkok, Thailand",
        "destination":"WellingTon, New Zealand",
        "short_description":"There's only one word for NZ - EPIC",
        "image": "https://images.unsplash.com/flagged/photo-1552035791-b3cc1632e933?ixlib=rb-1.2.1&ixid=eyJhcHBfaWQiOjEyMDd9&auto=format&fit=crop&w=1949&q=80",
        "price":1379, 
        "flight_number":"Thai Airlines QR14", 
        "review_count": "3015",
        "arrival_date":1500715786,
        "duration" : "21h 15m",
        "special":true,
        "special_time_remaining":"72",
        "journey_map":["SIN Singapore Changi","NRT Tokyo Narita","ORD Chiacgo O'Hare International"],
        "journey_timeline":["17:35", "02:13", "3:58"]
      },
      {
        "id": 4,
        "origin": "Singapore",
        "destination":"United States, New York",
        "short_description":"Explore China's very finest!",
        "image": "https://images.unsplash.com/photo-1522083165195-3424ed129620?ixlib=rb-1.2.1&ixid=eyJhcHBfaWQiOjEyMDd9&auto=format&fit=crop&w=1720&q=80",
        "price":1106, 
        "flight_number":"Singapore Airlines QR702", 
        "review_count": "1241",
        "arrival_date":1200775786,
        "duration" : "16h 15m",
        "special":true,
        "special_time_remaining":"37",
        "journey_map":["SIN Singapore Changi","NRT Tokyo Narita","ORD Chiacgo O'Hare International"],
        "journey_timeline":["17:35", "02:13", "3:58"]
      },
      {
        "id": 5,
        "origin": "Surabaya, Indonesia",
        "destination":"Beijing, China",
        "short_description":"Explore China's very finest!",
        "image": "https://images.unsplash.com/photo-1584872589930-e99fe5bf4408?ixlib=rb-1.2.1&ixid=eyJhcHBfaWQiOjEyMDd9&auto=format&fit=crop&w=1956&q=80",
        "price":307, 
        "flight_number":"Eastern China Airlines QR14", 
        "review_count": "301",
        "arrival_date":1601771786,
        "duration" : "4h 15m",
        "special":false,
        "journey_map":["SIN Singapore Changi","NRT Tokyo Narita","ORD Chiacgo O'Hare International"],
        "journey_timeline":["17:35", "02:13", "3:58"]
      },
      {
        "id": 6,
        "origin": "Bangkok, Thailand",
        "destination":"Wellington, New Zealand",
        "short_description":"There's only one word for NZ - EPIC",
        "image": "https://images.unsplash.com/flagged/photo-1552035791-b3cc1632e933?ixlib=rb-1.2.1&ixid=eyJhcHBfaWQiOjEyMDd9&auto=format&fit=crop&w=1949&q=80",
        "price":1379, 
        "flight_number":"Thai Airlines QR14", 
        "review_count": "3015",
        "arrival_date":1602771786,
        "duration" : "21h 15m",
        "special":false,
        "journey_map":["SIN Singapore Changi","NRT Tokyo Narita","ORD Chiacgo O'Hare International"],
        "journey_timeline":["17:35", "02:13", "3:58"]
      }
    ]
  }